ip,port,a,b,c,d,e,f
118.127.109.74,13800,AU,Australia,Socks5,Anonymous,Yes,21 seconds ago
23.252.149.3,10200,US,United States,Socks5,Anonymous,Yes,21 seconds ago
92.244.215.212,42493,SE,Sweden,Socks5,Anonymous,Yes,21 seconds ago
47.22.132.134,43920,US,United States,Socks5,Anonymous,Yes,21 seconds ago
66.11.180.131,55381,CA,Canada,Socks5,Anonymous,Yes,21 seconds ago
181.56.9.161,8080,CO,Colombia,Socks5,Anonymous,Yes,21 seconds ago
209.151.135.126,30772,CA,Canada,Socks5,Anonymous,Yes,21 seconds ago
117.135.132.107,3000,CN,China,Socks5,Anonymous,Yes,21 seconds ago
173.162.95.122,56325,US,United States,Socks5,Anonymous,Yes,21 seconds ago
125.214.221.196,36559,HK,Hong Kong,Socks5,Anonymous,Yes,21 seconds ago
61.6.22.165,11406,MY,Malaysia,Socks5,Anonymous,Yes,21 seconds ago
209.34.26.186,58693,US,United States,Socks5,Anonymous,Yes,21 seconds ago
92.244.219.171,43394,SE,Sweden,Socks5,Anonymous,Yes,21 seconds ago
78.186.178.110,53769,TR,Turkey,Socks5,Anonymous,Yes,21 seconds ago
206.16.125.235,40230,US,United States,Socks5,Anonymous,Yes,21 seconds ago
117.40.213.26,1080,CN,China,Socks5,Anonymous,Yes,21 seconds ago
69.54.120.199,61311,US,United States,Socks5,Anonymous,Yes,21 seconds ago
94.254.87.234,10185,SE,Sweden,Socks5,Anonymous,Yes,21 seconds ago
24.214.52.144,10667,US,United States,Socks5,Anonymous,Yes,21 seconds ago
67.197.237.134,36994,US,United States,Socks5,Anonymous,Yes,21 seconds ago
182.110.245.195,1080,CN,China,Socks5,Anonymous,Yes,21 seconds ago
70.83.192.92,43218,CA,Canada,Socks5,Anonymous,Yes,21 seconds ago
220.121.117.1,1080,KR,Korea, Republic of,Socks5,Anonymous,Yes,21 seconds ago
202.175.124.43,39001,MO,Macau,Socks5,Anonymous,Yes,21 seconds ago
72.175.136.130,61168,US,United States,Socks5,Anonymous,Yes,21 seconds ago
216.37.80.226,35015,US,United States,Socks5,Anonymous,Yes,21 seconds ago
51.175.108.36,29014,NO,Norway,Socks5,Anonymous,Yes,21 seconds ago
71.238.146.134,64437,US,United States,Socks5,Anonymous,Yes,21 seconds ago
173.23.163.81,18347,US,United States,Socks5,Anonymous,Yes,21 seconds ago
181.221.22.31,40195,BR,Brazil,Socks5,Anonymous,Yes,21 seconds ago
68.234.206.188,10200,US,United States,Socks5,Anonymous,Yes,21 seconds ago
24.228.225.248,63772,US,United States,Socks5,Anonymous,Yes,21 seconds ago
71.166.38.107,20240,US,United States,Socks5,Anonymous,Yes,21 seconds ago
118.89.106.83,1080,CN,China,Socks5,Anonymous,Yes,21 seconds ago
79.136.4.67,25878,SE,Sweden,Socks5,Anonymous,Yes,21 seconds ago
85.228.221.244,42701,SE,Sweden,Socks5,Anonymous,Yes,21 seconds ago
37.191.146.151,10200,NO,Norway,Socks5,Anonymous,Yes,21 seconds ago
209.210.221.156,18851,US,United States,Socks5,Anonymous,Yes,21 seconds ago
65.26.246.56,10200,US,United States,Socks5,Anonymous,Yes,21 seconds ago
174.4.74.254,51751,CA,Canada,Socks5,Anonymous,Yes,21 seconds ago